"0","Cervidae"
"1","Canidae"
"2","Felidae"
"3","Mephitidae"
"4","Mustelidae"
"5","Odobenidae"
"6","Phocidae"
"7","Procyonidae"
"8","Ursidae"
"9","Vespertilionidae"
"10","Leporidae"
"11","Castoridae"
"12","Cricetidae"
"13","Dipodidae"
"14","Erethizontidae"
"15","Muridae"
"16","Sciuridae"
"17","Soricidae"
"18","Talpidae"
"19","Accipitridae"
"20","Cathartidae"
"21","Pandionidae"
"22","Anatidae"
"23","Apodidae"
"24","Trochilidae"
"25","Caprimulgidae"
"26","Alcidae"
"27","Charadriidae"
"28","Haematopodidae"
"29","Laridae"
"30","Recurvirostridae"
"31","Scolopacidae"
"32","Stercorariidae"
"33","Columbidae"
"34","Alcedinidae"
"35","Cuculidae"
"36","Falconidae"
"37","Odontophoridae"
"38","Phasianidae"
"39","Gaviidae"
"40","Gruidae"
"41","Rallidae"
"42","Alaudidae"
"43","Bombycillidae"
"44","Calcariidae"
"45","Cardinalidae"
"46","Certhiidae"
"47","Corvidae"
"48","Emberizidae"
"49","Fringillidae"
"50","Hirundinidae"
"51","Icteridae"
"52","Laniidae"
"53","Mimidae"
"54","Motacillidae"
"55","Muscicapidae"
"56","Paridae"
"57","Parulidae"
"58","Passeridae"
"59","Polioptilidae"
"60","Regulidae"
"61","Sittidae"
"62","Sturnidae"
"63","Troglodytidae"
"64","Turdidae"
"65","Tyrannidae"
"66","Vireonidae"
"67","Ardeidae"
"68","Pelecanidae"
"69","Threskiornithidae"
"70","Picidae"
"71","Podicipedidae"
"72","Diomedeidae"
"73","Hydrobatidae"
"74","Procellariidae"
"75","Strigidae"
"76","Tytonidae"
"77","Fregatidae"
"78","Phalacrocoracidae"
"79","Sulidae"
"80","Colubridae"
"81","Chelydridae"
"82","Emydidae"
"83","Kinosternidae"
"84","Bufonidae"
"85","Hylidae"
"86","Ranidae"
"87","Ambystomatidae"
"88","Plethodontidae"
"89","Salamandridae"
"90","Anguillidae"
"91","Atherinopsidae"
"92","Clupeidae"
"93","Catostomidae"
"94","Cyprinidae"
"95","Fundulidae"
"96","Esocidae"
"97","Gadidae"
"98","Gasterosteidae"
"99","Osmeridae"
"100","Centrarchidae"
"101","Labridae"
"102","Moronidae"
"103","Percidae"
"104","Pleuronectidae"
"105","Salmonidae"
"106","Ictaluridae"
"107","Unknown"
"108","Acoraceae"
"109","Alismataceae"
"110","Araceae"
"111","Hydrocharitaceae"
"112","Juncaginaceae"
"113","Potamogetonaceae"
"114","Ruppiaceae"
"115","Scheuchzeriaceae"
"116","Zosteraceae"
"117","Apiaceae"
"118","Araliaceae"
"119","Aquifoliaceae"
"120","Amaryllidaceae"
"121","Asparagaceae"
"122","Iridaceae"
"123","Orchidaceae"
"124","Xanthorrhoeaceae"
"125","Asteraceae"
"126","Campanulaceae"
"127","Menyanthaceae"
"128","Boraginaceae"
"129","Brassicaceae"
"130","Resedaceae"
"131","Amaranthaceae"
"132","Caryophyllaceae"
"133","Droseraceae"
"134","Molluginaceae"
"135","Montiaceae"
"136","Plumbaginaceae"
"137","Polygonaceae"
"138","Portulacaceae"
"139","Celastraceae"
"140","Ceratophyllaceae"
"141","Pontederiaceae"
"142","Cornaceae"
"143","Cucurbitaceae"
"144","Adoxaceae"
"145","Caprifoliaceae"
"146","Diervillaceae"
"147","Linnaeaceae"
"148","Valerianaceae"
"149","Equisetaceae"
"150","Actinidiaceae"
"151","Balsaminaceae"
"152","Clethraceae"
"153","Ericaceae"
"154","Primulaceae"
"155","Sarraceniaceae"
"156","Fabaceae"
"157","Polygalaceae"
"158","Betulaceae"
"159","Fagaceae"
"160","Myricaceae"
"161","Apocynaceae"
"162","Gentianaceae"
"163","Rubiaceae"
"164","Geraniaceae"
"165","Isoetaceae"
"166","Lamiaceae"
"167","Lentibulariaceae"
"168","Linderniaceae"
"169","Oleaceae"
"170","Orobanchaceae"
"171","Plantaginaceae"
"172","Scrophulariaceae"
"173","Verbenaceae"
"174","Colchicaceae"
"175","Liliaceae"
"176","Melanthiaceae"
"177","Lycopodiaceae"
"178","Elatinaceae"
"179","Euphorbiaceae"
"180","Hypericaceae"
"181","Linaceae"
"182","Salicaceae"
"183","Violaceae"
"184","Cistaceae"
"185","Malvaceae"
"186","Lythraceae"
"187","Melastomataceae"
"188","Onagraceae"
"189","Cabombaceae"
"190","Nymphaeaceae"
"191","Ophioglossaceae"
"192","Osmundaceae"
"193","Oxalidaceae"
"194","Cupressaceae"
"195","Pinaceae"
"196","Taxaceae"
"197","Aristolochiaceae"
"198","Cyperaceae"
"199","Eriocaulaceae"
"200","Juncaceae"
"201","Poaceae"
"202","Typhaceae"
"203","Xyridaceae"
"204","Aspleniaceae"
"205","Blechnaceae"
"206","Dennstaedtiaceae"
"207","Dryopteridaceae"
"208","Onocleaceae"
"209","Polypodiaceae"
"210","Thelypteridaceae"
"211","Woodsiaceae"
"212","Berberidaceae"
"213","Papaveraceae"
"214","Ranunculaceae"
"215","Cannabaceae"
"216","Rhamnaceae"
"217","Rosaceae"
"218","Ulmaceae"
"219","Urticaceae"
"220","Santalaceae"
"221","Anacardiaceae"
"222","Sapindaceae"
"223","Crassulaceae"
"224","Grossulariaceae"
"225","Haloragaceae"
"226","Hamamelidaceae"
"227","Saxifragaceae"
"228","Selaginellaceae"
"229","Convolvulaceae"
"230","Solanaceae"
"231","Vitaceae"
"232","Antilocapridae"
"233","Bovidae"
"234","Molossidae"
"235","Geomyidae"
"236","Heteromyidae"
"237","Aegithalidae"
"238","Cinclidae"
"239","Iguanidae"
"240","Teiidae"
"241","Viperidae"
"242","Scaphiopodidae"
"243","Ehretiaceae"
"244","Heliotropiaceae"
"245","Hydrophyllaceae"
"246","Cleomaceae"
"247","Aizoaceae"
"248","Cactaceae"
"249","Nyctaginaceae"
"250","Sarcobataceae"
"251","Tamaricaceae"
"252","Hydrangeaceae"
"253","Loasaceae"
"254","Ephedraceae"
"255","Polemoniaceae"
"256","Bignoniaceae"
"257","Phrymaceae"
"258","Pteridaceae"
"259","Elaeagnaceae"
"260","Moraceae"
"261","Zygophyllaceae"
"262","Equidae"
"263","Hiodontidae"
"264","Commelinaceae"
"265","Martyniaceae"
"266","Smilacaceae"
"267","Thymelaeaceae"
"268","Theridiidae"
"269","Carabidae"
"270","Cerambycidae"
"271","Chrysomelidae"
"272","Cleridae"
"273","Coccinellidae"
"274","Meloidae"
"275","Nitidulidae"
"276","Anthomyiidae"
"277","Calliphoridae"
"278","Muscidae"
"279","Sarcophagidae"
"280","Syrphidae"
"281","Tephritidae"
"282","Lygaeidae"
"283","Pentatomidae"
"284","Andrenidae"
"285","Apidae"
"286","Colletidae"
"287","Halictidae"
"288","Megachilidae"
"289","Vespidae"
"290","Hesperiidae"
"291","Lycaenidae"
"292","Noctuidae"
"293","Nymphalidae"
"294","Papilionidae"
"295","Pieridae"
"296","Saturniidae"
"297","Sphingidae"
"298","Acrididae"
"299","Lipkeidae"
"300","Physciaceae"
"301","Acarosporaceae"
"302","Agyriaceae"
"303","Arthoniaceae"
"304","Candelariaceae"
"305","Cladoniaceae"
"306","Dactylosporaceae"
"307","Hymeneliaceae"
"308","Lecanoraceae"
"309","Parmeliaceae"
"310","Pilocarpaceae"
"311","Psoraceae"
"312","Ramalinaceae"
"313","Stereocaulaceae"
"314","Heppiaceae"
"315","Lichinaceae"
"316","Peltulaceae"
"317","Thelotremataceae"
"318","Collemataceae"
"319","Peltigeraceae"
"320","Placynthiaceae"
"321","Megasporaceae"
"322","Pertusariaceae"
"323","Catillariaceae"
"324","Teloschistaceae"
"325","Fuscideaceae"
"326","Verrucariaceae"
"327","Suidae"
"328","Tayassuidae"
"329","Mormoopidae"
"330","Phyllostomidae"
"331","Didelphidae"
"332","Myocastoridae"
"333","Cotingidae"
"334","Peucedramidae"
"335","Ptilogonatidae"
"336","Remizidae"
"337","Anhingidae"
"338","Trogonidae"
"339","Anguidae"
"340","Eublepharidae"
"341","Gekkonidae"
"342","Leptotyphlopidae"
"343","Scincidae"
"344","Testudinidae"
"345","Trionychidae"
"346","Eleutherodactylidae"
"347","Microhylidae"
"348","Acipenseridae"
"349","Characidae"
"350","Cyprinodontidae"
"351","Poeciliidae"
"352","Cichlidae"
"353","Sciaenidae"
"354","Lepisosteidae"
"355","Arecaceae"
"356","Koeberliniaceae"
"357","Anacampserotaceae"
"358","Phytolaccaceae"
"359","Talinaceae"
"360","Crossosomataceae"
"361","Apodanthaceae"
"362","Ebenaceae"
"363","Fouquieriaceae"
"364","Sapotaceae"
"365","Juglandaceae"
"366","Garryaceae"
"367","Acanthaceae"
"368","Malpighiaceae"
"369","Passifloraceae"
"370","Phyllanthaceae"
"371","Bromeliaceae"
"372","Menispermaceae"
"373","Rutaceae"
"374","Simaroubaceae"
"375","Anemiaceae"
"376","Krameriaceae"
"377","Bartramiaceae"
"378","Bryaceae"
"379","Fissidentaceae"
"380","Funariaceae"
"381","Grimmiaceae"
"382","Hedwigiaceae"
"383","Amblystegiaceae"
"384","Brachytheciaceae"
"385","Entodontaceae"
"386","Fabroniaceae"
"387","Hypnaceae"
"388","Leskeaceae"
"389","Pylaisiadelphaceae"
"390","Orthotrichaceae"
"391","Pottiaceae"
"392","Balaenidae"
"393","Balaenopteridae"
"394","Delphinidae"
"395","Physeteridae"
"396","Trichechidae"
"397","Ciconiidae"
"398","Thraupidae"
"399","Phaethontidae"
"400","Phoenicopteridae"
"401","Alligatoridae"
"402","Crocodylidae"
"403","Elapidae"
"404","Sphaerodactylidae"
"405","Typhlopidae"
"406","Cheloniidae"
"407","Dermochelyidae"
"408","Albulidae"
"409","Amiidae"
"410","Chlopsidae"
"411","Congridae"
"412","Moringuidae"
"413","Muraenidae"
"414","Ophichthidae"
"415","Synaphobranchidae"
"416","Atherinidae"
"417","Alepisauridae"
"418","Chlorophthalmidae"
"419","Synodontidae"
"420","Batrachoididae"
"421","Belonidae"
"422","Exocoetidae"
"423","Hemiramphidae"
"424","Holocentridae"
"425","Carcharhinidae"
"426","Scyliorhinidae"
"427","Sphyrnidae"
"428","Triakidae"
"429","Anostomidae"
"430","Erythrinidae"
"431","Engraulidae"
"432","Aplocheilidae"
"433","Elopidae"
"434","Megalopidae"
"435","Macrouridae"
"436","Moridae"
"437","Aulostomidae"
"438","Fistulariidae"
"439","Syngnathidae"
"440","Lophotidae"
"441","Antennariidae"
"442","Ogcocephalidae"
"443","Mugilidae"
"444","Dasyatidae"
"445","Gymnuridae"
"446","Mobulidae"
"447","Myliobatidae"
"448","Rhinopteridae"
"449","Urolophidae"
"450","Bythitidae"
"451","Carapidae"
"452","Ophidiidae"
"453","Ginglymostomatidae"
"454","Rhincodontidae"
"455","Opisthoproctidae"
"456","Osteoglossidae"
"457","Acanthuridae"
"458","Acropomatidae"
"459","Apogonidae"
"460","Ariommatidae"
"461","Blenniidae"
"462","Callionymidae"
"463","Carangidae"
"464","Centrolophidae"
"465","Centropomidae"
"466","Chaenopsidae"
"467","Chaetodontidae"
"468","Cirrhitidae"
"469","Coryphaenidae"
"470","Dactyloscopidae"
"471","Echeneidae"
"472","Elassomatidae"
"473","Eleotridae"
"474","Ephippidae"
"475","Gerreidae"
"476","Gobiesocidae"
"477","Gobiidae"
"478","Haemulidae"
"479","Inermiidae"
"480","Istiophoridae"
"481","Kyphosidae"
"482","Labrisomidae"
"483","Lobotidae"
"484","Lutjanidae"
"485","Malacanthidae"
"486","Microdesmidae"
"487","Mullidae"
"488","Nomeidae"
"489","Opistognathidae"
"490","Osphronemidae"
"491","Pempheridae"
"492","Polynemidae"
"493","Pomacanthidae"
"494","Pomacentridae"
"495","Pomatomidae"
"496","Priacanthidae"
"497","Rachycentridae"
"498","Scaridae"
"499","Scombridae"
"500","Serranidae"
"501","Sparidae"
"502","Sphyraenidae"
"503","Trichiuridae"
"504","Tripterygiidae"
"505","Uranoscopidae"
"506","Xiphiidae"
"507","Zoarcidae"
"508","Aphredoderidae"
"509","Achiridae"
"510","Bothidae"
"511","Cynoglossidae"
"512","Paralichthyidae"
"513","Pristidae"
"514","Rajidae"
"515","Rhinobatidae"
"516","Dactylopteridae"
"517","Scorpaenidae"
"518","Triglidae"
"519","Ariidae"
"520","Clariidae"
"521","Heptapteridae"
"522","Loricariidae"
"523","Dalatiidae"
"524","Gonostomatidae"
"525","Stomiidae"
"526","Balistidae"
"527","Diodontidae"
"528","Molidae"
"529","Monacanthidae"
"530","Ostraciidae"
"531","Tetraodontidae"
"532","Narcinidae"
"533","Torpedinidae"
"534","Cymodoceaceae"
"535","Goodeniaceae"
"536","Cordiaceae"
"537","Bataceae"
"538","Capparaceae"
"539","Caricaceae"
"540","Canellaceae"
"541","Zamiaceae"
"542","Surianaceae"
"543","Casuarinaceae"
"544","Loganiaceae"
"545","Tetrachondraceae"
"546","Lauraceae"
"547","Annonaceae"
"548","Chrysobalanaceae"
"549","Clusiaceae"
"550","Putranjivaceae"
"551","Rhizophoraceae"
"552","Combretaceae"
"553","Myrtaceae"
"554","Lomariopsidaceae"
"555","Psilotaceae"
"556","Schoepfiaceae"
"557","Ximeniaceae"
"558","Burseraceae"
"559","Meliaceae"
"560","Musaceae"
"561","Milleporidae"
"562","Acroporidae"
"563","Agariciidae"
"564","Astrocoeniidae"
"565","Caryophylliidae"
"566","Faviidae"
"567","Meandrinidae"
"568","Merulinidae"
"569","Mussidae"
"570","Pocilloporidae"
"571","Poritidae"
"572","Siderastreidae"
"573","Cottidae"
"574","Limnanthaceae"
"575","Marsileaceae"
"576","Xantusiidae"
"577","Dasypodidae"
"578","Craugastoridae"
"579","Nitrariaceae"
"580","Otariidae"
"581","Eschrichtiidae"
"582","Hyperoodontidae"
"583","Kogiidae"
"584","Phocoenidae"
"585","Scomberesocidae"
"586","Chimaeridae"
"587","Merlucciidae"
"588","Aulorhynchidae"
"589","Heterodontidae"
"590","Alopiidae"
"591","Cetorhinidae"
"592","Lamnidae"
"593","Lamprididae"
"594","Trachipteridae"
"595","Myctophidae"
"596","Neoscopelidae"
"597","Myxinidae"
"598","Argentinidae"
"599","Bathylagidae"
"600","Anarhichadidae"
"601","Bathymasteridae"
"602","Clinidae"
"603","Embiotocidae"
"604","Icosteidae"
"605","Pholidae"
"606","Polyprionidae"
"607","Stichaeidae"
"608","Platyrhinidae"
"609","Agonidae"
"610","Anoplopomatidae"
"611","Hemitripteridae"
"612","Hexagrammidae"
"613","Liparidae"
"614","Squalidae"
"615","Squatinidae"
"616","Sternoptychidae"
"617","Tropaeolaceae"
"618","Frankeniaceae"
"619","Araucariaceae"
"620","Saururaceae"
"621","Platanaceae"
"622","Acrochaetiaceae"
"623","Ahnfeltiaceae"
"624","Bangiaceae"
"625","Bonnemaisoniaceae"
"626","Bryopsidaceae"
"627","Codiaceae"
"628","Derbesiaceae"
"629","Ceramiaceae"
"630","Delesseriaceae"
"631","Rhodomelaceae"
"632","Cladophoraceae"
"633","Corallinaceae"
"634","Gelidiaceae"
"635","Caulacanthaceae"
"636","Endocladiaceae"
"637","Gigartinaceae"
"638","Kallymeniaceae"
"639","Phyllophoraceae"
"640","Champiaceae"
"641","Rhodymeniaceae"
"642","Ulvaceae"
"643","Haustoriidae"
"644","Albuneidae"
"645","Alpheidae"
"646","Grapsidae"
"647","Pollicipedidae"
"648","Balanidae"
"649","Chthamalidae"
"650","Tetraclitidae"
"651","Fissurellidae"
"652","Haliotididae"
"653","Trochidae"
"654","Trimusculidae"
"655","Muricidae"
"656","Epitoniidae"
"657","Lottiidae"
"658","Onchidiidae"
"659","Laelaptidae"
"660","Staphylinidae"
"661","Coelopidae"
"662","Actiniidae"
"663","Branchiostomatidae"
"664","Synaptidae"
"665","Arbaciidae"
"666","Stichopodidae"
"667","Sabellariidae"
"668","Bugulidae"
"669","Celleporariidae"
"670","Celleporidae"
"671","Cribrilinidae"
"672","Eurystomellidae"
"673","Hincksinidae"
"674","Hippothoidae"
"675","Membraniporidae"
"676","Microporellidae"
"677","Reteporidae"
"678","Schizoporellidae"
"679","Scrupocellariidae"
"680","Thalamoporellidae"
"681","Acanthochitonidae"
"682","Ischnochitonidae"
"683","Mopaliidae"
"684","Clathrinidae"
"685","Dendrasteridae"
"686","Crisiidae"
"687","Diaperoeciidae"
"688","Heteroporidae"
"689","Cucumariidae"
"690","Psolidae"
"691","Sclerodactylidae"
"692","Diadematidae"
"693","Strongylocentrotidae"
"694","Ascidiidae"
"695","Cionidae"
"696","Clavelinidae"
"697","Didemnidae"
"698","Perophoridae"
"699","Polyclinidae"
"700","Asteriidae"
"701","Pycnopodiidae"
"702","Limidae"
"703","Lingulidae"
"704","Caudinidae"
"705","Hiatellidae"
"706","Myidae"
"707","Pholadidae"
"708","Mytilidae"
"709","Octopodidae"
"710","Amphiuridae"
"711","Ophiactidae"
"712","Ophiocomidae"
"713","Ophiodermatidae"
"714","Ophionereididae"
"715","Ophiothricidae"
"716","Ophiuridae"
"717","Anomiidae"
"718","Pectinidae"
"719","Astropectinidae"
"720","Luidiidae"
"721","Lyonsiidae"
"722","Thraciidae"
"723","Molgulidae"
"724","Pyuridae"
"725","Styelidae"
"726","Pteriidae"
"727","Pyrosomatidae"
"728","Salpidae"
"729","Sepiolidae"
"730","Solemyidae"
"731","Loveniidae"
"732","Echinasteridae"
"733","Toxopneustidae"
"734","Loliginidae"
"735","Ommastrephidae"
"736","Asterinidae"
"737","Asteropseidae"
"738","Goniasteridae"
"739","Ophidiasteridae"
"740","Cardiidae"
"741","Carditidae"
"742","Chamidae"
"743","Galeommatidae"
"744","Lasaeidae"
"745","Lucinidae"
"746","Mactridae"
"747","Pharidae"
"748","Psammobiidae"
"749","Semelidae"
"750","Solecurtidae"
"751","Solenidae"
"752","Tellinidae"
"753","Ungulinidae"
"754","Veneridae"
"755","Cutleriaceae"
"756","Desmarestiaceae"
"757","Punctariaceae"
"758","Dictyotaceae"
"759","Chordariaceae"
"760","Corynophlaeaceae"
"761","Ectocarpaceae"
"762","Ralfsiaceae"
"763","Cystoseiraceae"
"764","Fucaceae"
"765","Sargassaceae"
"766","Alariaceae"
"767","Laminariaceae"
"768","Lessoniaceae"
"769","Scytosiphonaceae"
"770","Sphacelariaceae"
"771","Sporochnaceae"
"772","Amphiumidae"
"773","Proteidae"
"774","Sirenidae"
"775","Umbridae"
"776","Amblyopsidae"
"777","Hypoxidaceae"
"778","Nyssaceae"
"779","Dioscoreaceae"
"780","Cyrillaceae"
"781","Styracaceae"
"782","Symplocaceae"
"783","Gelsemiaceae"
"784","Calycanthaceae"
"785","Magnoliaceae"
"786","Podocarpaceae"
"787","Azollaceae"
"788","Altingiaceae"
"789","Iteaceae"
"790","Penthoraceae"
"791","Lygodiaceae"
"792","Sphenocleaceae"
"793","Frullaniaceae"
"794","Porellaceae"
"795","Scenedesmaceae"
"796","Selenastraceae"
"797","Sphagnaceae"
"798","Hyalellidae"
"799","Cambaridae"
"800","Palaemonidae"
"801","Canthocamptidae"
"802","Asellidae"
"803","Viviparidae"
"804","Planorbidae"
"805","Buccinidae"
"806","Aclididae"
"807","Hydrobiidae"
"808","Facelinidae"
"809","Discidae"
"810","Haplotrematidae"
"811","Philomycidae"
"812","Polygyridae"
"813","Zonitidae"
"814","Araneidae"
"815","Atypidae"
"816","Linyphiidae"
"817","Lycosidae"
"818","Oxyopidae"
"819","Pisauridae"
"820","Tetragnathidae"
"821","Arctiidae"
"822","Satyridae"
"823","Anobiidae"
"824","Anthicidae"
"825","Anthribidae"
"826","Bostrichidae"
"827","Buprestidae"
"828","Cantharidae"
"829","Cryptophagidae"
"830","Curculionidae"
"831","Dryopidae"
"832","Dytiscidae"
"833","Elateridae"
"834","Elmidae"
"835","Erirhinidae"
"836","Erotylidae"
"837","Geotrupidae"
"838","Gyrinidae"
"839","Haliplidae"
"840","Helophoridae"
"841","Heteroceridae"
"842","Hydraenidae"
"843","Hydrochidae"
"844","Hydrophilidae"
"845","Laemophloeidae"
"846","Lampyridae"
"847","Limnichidae"
"848","Lucanidae"
"849","Melyridae"
"850","Mordellidae"
"851","Noteridae"
"852","Oedemeridae"
"853","Passalidae"
"854","Ptilodactylidae"
"855","Pyrochroidae"
"856","Scarabaeidae"
"857","Scirtidae"
"858","Scydmaenidae"
"859","Silphidae"
"860","Tenebrionidae"
"861","Trogossitidae"
"862","Asilidae"
"863","Ceratopogonidae"
"864","Chironomidae"
"865","Culicidae"
"866","Empididae"
"867","Mydidae"
"868","Simuliidae"
"869","Tabanidae"
"870","Tipulidae"
"871","Baetidae"
"872","Caenidae"
"873","Ephemerellidae"
"874","Ephemeridae"
"875","Heptageniidae"
"876","Leptophlebiidae"
"877","Aphididae"
"878","Belostomatidae"
"879","Cicadellidae"
"880","Cicadidae"
"881","Coreidae"
"882","Corixidae"
"883","Gerridae"
"884","Hebridae"
"885","Hydrometridae"
"886","Miridae"
"887","Nepidae"
"888","Thyreocoridae"
"889","Chrysididae"
"890","Ichneumonidae"
"891","Mutillidae"
"892","Cossidae"
"893","Erebidae"
"894","Geometridae"
"895","Lasiocampidae"
"896","Limacodidae"
"897","Megalopygidae"
"898","Notodontidae"
"899","Pyralidae"
"900","Yponomeutidae"
"901","Mantidae"
"902","Corydalidae"
"903","Sialidae"
"904","Aeshnidae"
"905","Calopterygidae"
"906","Coenagrionidae"
"907","Cordulegastridae"
"908","Corduliidae"
"909","Gomphidae"
"910","Libellulidae"
"911","Gryllidae"
"912","Rhaphidophoridae"
"913","Tetrigidae"
"914","Tettigoniidae"
"915","Trigonidiidae"
"916","Chloroperlidae"
"917","Peltoperlidae"
"918","Perlidae"
"919","Dipseudopsidae"
"920","Hydropsychidae"
"921","Lepidostomatidae"
"922","Leptoceridae"
"923","Limnephilidae"
"924","Molannidae"
"925","Philopotamidae"
"926","Polycentropodidae"
"927","Psychomyiidae"
"928","Haemopidae"
"929","Bourletiellidae"
"930","Isotomidae"
"931","Poduridae"
"932","Planariidae"
"933","Fungiidae"
"934","Spirobolidae"
"935","Naididae"
"936","Corbiculidae"
"937","Pisidiidae"
"938","Mycoporaceae"
"939","Trichotheliaceae"
"940","Agaricaceae"
"941","Amanitaceae"
"942","Clavariaceae"
"943","Cortinariaceae"
"944","Hydnangiaceae"
"945","Marasmiaceae"
"946","Pluteaceae"
"947","Schizophyllaceae"
"948","Strophariaceae"
"949","Tricholomataceae"
"950","Roccellaceae"
"951","Phleogenaceae"
"952","Auriculariaceae"
"953","Boletaceae"
"954","Sclerodermataceae"
"955","Suillaceae"
"956","Cantharellaceae"
"957","Capnodiaceae"
"958","Ceratiomyxaceae"
"959","Dacrymycetaceae"
"960","Geastraceae"
"961","Geoglossaceae"
"962","Hyaloscyphaceae"
"963","Hymenochaetaceae"
"964","Schizoporaceae"
"965","Haematommataceae"
"966","Lecideaceae"
"967","Leotiaceae"
"968","Reticulariaceae"
"969","Lycoperdaceae"
"970","Graphidaceae"
"971","Gyalectaceae"
"972","Pannariaceae"
"973","Pyronemataceae"
"974","Sarcosomataceae"
"975","Phallaceae"
"976","Physaraceae"
"977","Fomitopsidaceae"
"978","Ganodermataceae"
"979","Gloeophyllaceae"
"980","Hapalopilaceae"
"981","Meripilaceae"
"982","Meruliaceae"
"983","Phanerochaetaceae"
"984","Polyporaceae"
"985","Sparassidaceae"
"986","Steccherinaceae"
"987","Pyrenulaceae"
"988","Auriscalpiaceae"
"989","Hericiaceae"
"990","Lachnocladiaceae"
"991","Russulaceae"
"992","Stereaceae"
"993","Stemonitaceae"
"994","Exidiaceae"
"995","Tremellaceae"
"996","Trichiaceae"
"997","Trypetheliaceae"
"998","Xylariaceae"
"999","Achnanthaceae"
"1000","Achnanthidiaceae"
"1001","Aulacoseiraceae"
"1002","Bacillariaceae"
"1003","Cymbellaceae"
"1004","Gomphonemataceae"
"1005","Eunotiaceae"
"1006","Fragilariaceae"
"1007","Amphipleuraceae"
"1008","Brachysiraceae"
"1009","Diadesmidaceae"
"1010","Naviculaceae"
"1011","Neidiaceae"
"1012","Pinnulariaceae"
"1013","Pleurosigmataceae"
"1014","Sellaphoraceae"
"1015","Stauroneidaceae"
"1016","Surirellaceae"
"1017","Tabellariaceae"
"1018","Ochotonidae"
"1019","Aplodontiidae"
"1020","Charinidae"
"1021","Leiopelmatidae"
"1022","Lactariidae"
"1023","Petromyzontidae"
"1024","Compositae"
"1025","Tofieldiaceae"
"1026","Anthocerotaceae"
"1027","Mniaceae"
"1028","Chaetosphaeridiaceae"
"1029","Chlamydomonadaceae"
"1030","Chlorococcaceae"
"1031","Dictyosphaeriaceae"
"1032","Palmellaceae"
"1033","Palmellopsidaceae"
"1034","Volvocaceae"
"1035","Oocystaceae"
"1036","Desmidiaceae"
"1037","Bruchiaceae"
"1038","Dicranaceae"
"1039","Ditrichaceae"
"1040","Encalyptaceae"
"1041","Glaucocystaceae"
"1042","Calliergonaceae"
"1043","Fontinalaceae"
"1044","Helodiaceae"
"1045","Leucodontaceae"
"1046","Neckeraceae"
"1047","Plagiotheciaceae"
"1048","Calypogeiaceae"
"1049","Cephaloziellaceae"
"1050","Lophocoleaceae"
"1051","Pseudolepicoleaceae"
"1052","Scapaniaceae"
"1053","Conocephalaceae"
"1054","Marchantiaceae"
"1055","Ricciaceae"
"1056","Oedogoniaceae"
"1057","Pelliaceae"
"1058","Polytrichaceae"
"1059","Aulacomniaceae"
"1060","Hydrodictyaceae"
"1061","Microsporaceae"
"1062","Meesiaceae"
"1063","Ulotrichaceae"
"1064","Zygnemataceae"
"1065","Streptocephalidae"
"1066","Diaptomidae"
"1067","Cyclopidae"
"1068","Astacidae"
"1069","Bosminidae"
"1070","Chydoridae"
"1071","Daphniidae"
"1072","Sididae"
"1073","Cyprididae"
"1074","Limnocytheridae"
"1075","Lymnaeidae"
"1076","Agelenidae"
"1077","Gnaphosidae"
"1078","Salticidae"
"1079","Thomisidae"
"1080","Ixodidae"
"1081","Vejovidae"
"1082","Anchylopera"
"1083","Arisfotela"
"1084","Epagoge"
"1085","Memerobiidae"
"1086","Miradae"
"1087","Ophilus"
"1088","Thaumeliidae"
"1089","Machilidae"
"1090","Blattidae"
"1091","Kalotermitidae"
"1092","Alleculidae"
"1093","Amphizoidae"
"1094","Boridae"
"1095","Cucujidae"
"1096","Dascillidae"
"1097","Dasytidae"
"1098","Dermestidae"
"1099","Dystiscidae"
"1100","Endomychidae"
"1101","Eucnemidae"
"1102","Histeridae"
"1103","Lycidae"
"1104","Malachiidae"
"1105","Mylabridae"
"1106","Phalacridae"
"1107","Scolytidae"
"1108","Scraptiidae"
"1109","Zopheridae"
"1110","Bibionidae"
"1111","Bombyliidae"
"1112","Dixidae"
"1113","Fanniidae"
"1114","Keroplatidae"
"1115","Mycetophilidae"
"1116","Otitidae"
"1117","Pelecorhynchidae"
"1118","Piophilidae"
"1119","Pipunculidae"
"1120","Psychodidae"
"1121","Scopeumatidae"
"1122","Sepsidae"
"1123","Stratiomyidae"
"1124","Tachinidae"
"1125","Therevidae"
"1126","Xylophagidae"
"1127","Ameletidae"
"1128","Siphlonuridae"
"1129","Adelgidae"
"1130","Alydidae"
"1131","Anthocoridae"
"1132","Aradidae"
"1133","Cercopidae"
"1134","Cydnidae"
"1135","Membracidae"
"1136","Nabidae"
"1137","Neididae"
"1138","Notonectidae"
"1139","Reduviidae"
"1140","Saldidae"
"1141","Veliidae"
"1142","Argidae"
"1143","Braconidae"
"1144","Chalcididae"
"1145","Cimbicidae"
"1146","Crabronidae"
"1147","Cynipidae"
"1148","Diprionidae"
"1149","Formicidae"
"1150","Pamphiliidae"
"1151","Pompilidae"
"1152","Pteromalidae"
"1153","Siricidae"
"1154","Sphecidae"
"1155","Tenthredinidae"
"1156","Aegeriidae"
"1157","Agaristidae"
"1158","Choreutidae"
"1159","Coleophoridae"
"1160","Crambidae"
"1161","Danaidae"
"1162","Gelechiidae"
"1163","Glyphipterygidae"
"1164","Oecophoridae"
"1165","Pericopidae"
"1166","Phalaenidae"
"1167","Plutellidae"
"1168","Pterophoridae"
"1169","Sesiidae"
"1170","Tineidae"
"1171","Tortricidae"
"1172","Panorpodidae"
"1173","Chrysopidae"
"1174","Hemerobiidae"
"1175","Myrmeleontidae"
"1176","Polystoechotidae"
"1177","Lestidae"
"1178","Gryllacrididae"
"1179","Prophalangopsidae"
"1180","Stenopelmatidae"
"1181","Capniidae"
"1182","Leuctridae"
"1183","Nemouridae"
"1184","Perlodidae"
"1185","Pteronarcyidae"
"1186","Taeniopterygidae"
"1187","Raphidiidae"
"1188","Ceratophyllidae"
"1189","Hystrichopsyllidae"
"1190","Leptopsyllidae"
"1191","Thripidae"
"1192","Apataniidae"
"1193","Arctopsychidae"
"1194","Brachycentridae"
"1195","Glossosomatidae"
"1196","Goeridae"
"1197","Hydroptilidae"
"1198","Phryganeidae"
"1199","Rhyacophilidae"
"1200","Sericostomatidae"
"1201","Uenoidae"
"1202","Papiridae"
"1203","Philodinidae"
"1204","Smynthuridae"
"1205","Collothecidae"
"1206","Fritillaridae"
"1207","Conochilidae"
"1208","Filiniidae"
"1209","Hexarthridae"
"1210","Chordodidae"
"1211","Gordiidae"
"1212","Paeromopodidae"
"1213","Parajulidae"
"1214","Lumbriculidae"
"1215","Macrobiotidae"
"1216","Asplanchnidae"
"1217","Brachionidae"
"1218","Lecanidae"
"1219","Synchaetidae"
"1220","Nearctodesmidae"
"1221","Xystodesmidae"
"1222","Glossiphoniidae"
"1223","Sphaeriidae"
"1224","Coprinaceae"
"1225","Bolbitiaceae"
"1226","Entolomataceae"
"1227","Coniophoraceae"
"1228","Botryobasidiaceae"
"1229","Mycosphaerellaceae"
"1230","Gautieriaceae"
"1231","Exobasidiaceae"
"1232","Hypocreaceae"
"1233","Cribrariaceae"
"1234","Lobariaceae"
"1235","Nephromataceae"
"1236","Morchellaceae"
"1237","Didymiaceae"
"1238","Diademaceae"
"1239","Lophiostomataceae"
"1240","Parodiellaceae"
"1241","Tubulicrinaceae"
"1242","Cronartiaceae"
"1243","Rhizocarpaceae"
"1244","Rhytismataceae"
"1245","Echinodontiaceae"
"1246","Saprolegniaceae"
"1247","Stemonitidaceae"
"1248","Taphrinaceae"
"1249","Dianemaceae"
"1250","Umbilicariaceae"
"1251","Pucciniastraceae"
"1252","Cintractiaceae"
"1253","Cocconeidaceae"
"1254","Chromulinaceae"
"1255","Chrysococcaceae"
"1256","Pedinellaceae"
"1257","Chrysocapsaceae"
"1258","Coscinodiscaceae"
"1259","Cryptomonadaceae"
"1260","Rhoicospheniaceae"
"1261","Ceratiaceae"
"1262","Gymnodiniaceae"
"1263","Derepyxidaceae"
"1264","Melosiraceae"
"1265","Ophiocytaceae"
"1266","Diploneidaceae"
"1267","Dinobryaceae"
"1268","Ochromonadaceae"
"1269","Glenodiniaceae"
"1270","Peridiniaceae"
"1271","Prymnesiaceae"
"1272","Stipitococcaceae"
"1273","Rhopalodiaceae"
"1274","Catenulaceae"
"1275","Stephanodiscaceae"
"1276","Thalassiosiraceae"
"1277","Tribonemataceae"
"1278","Vaucheriaceae"
"1279","Percopsidae"
"1280","Buxaceae"
"1281","Staphyleaceae"
"1282","Dipsacaceae"
"1283","Crangonyctidae"
"1284","Bathylasmatidae"
"1285","Ancylidae"
"1286","Physidae"
"1287","Valvatidae"
"1288","Pleuroceridae"
"1289","Mycetophagidae"
"1290","Psephenidae"
"1291","Athericidae"
"1292","Dolichopodidae"
"1293","Ephydridae"
"1294","Sciomyzidae"
"1295","Isonychiidae"
"1296","Sminthuridae"
"1297","Unionidae"
"1298","Phylloscopidae"
"1299","Diapensiaceae"
"1300","Catoscopiaceae"
"1301","Climaciaceae"
"1302","Hylocomiaceae"
"1303","Rhytidiaceae"
"1304","Thuidiaceae"
"1305","Antheliaceae"
"1306","Cephaloziaceae"
"1307","Ptilidiaceae"
"1308","Splachnaceae"
"1309","Timmiaceae"
"1310","Parnassiidae"
"1311","Oestridae"
"1312","Diphyllobothriidae"
"1313","Sphaerophoraceae"
"1314","Icmadophilaceae"
"1315","Helvellaceae"
"1316","Aplodontidae"
"1317","Camelidae"
"1318","Rhinocerotidae"
"1319","Tapiridae"
"1320","Hominidae"
"1321","Paramyinae"
"1322","Sylviidae"
"1323","Psittacidae"
"1324","Helodermatidae"
"1325","Agavaceae"
"1326","Asclepiadaceae"
"1327","Chenopodiaceae"
"1328","Pittosporaceae"
"1329","Trimeniaceae"
"1330","Datiscaceae"
"1331","Picrodendraceae"
"1332","Proteaceae"
"1333","Batrachospermaceae"
"1334","Characeae"
"1335","Ctenocladaceae"
"1336","Elakatotrichaceae"
"1337","Radiococcaceae"
"1338","Artemiidae"
"1339","Branchinectidae"
"1340","Thamnocephalidae"
"1341","Cyzicidae"
"1342","Ameiridae"
"1343","Triopsidae"
"1344","Candonidae"
"1345","Cytherideidae"
"1346","Stomatellidae"
"1347","Megalomastomidae"
"1348","Assimineidae"
"1349","Barleeiidae"
"1350","Thiaridae"
"1351","Psoroptidae"
"1352","Dictynidae"
"1353","Theraphosidae"
"1354","Chernetidae"
"1355","Hubbardiidae"
"1356","Chactidae"
"1357","Iuridae"
"1358","Vaejovidae"
"1359","Anthophoridae"
"1360","Lathridiidae"
"1361","Blattellidae"
"1362","Rhinotermitidae"
"1363","Aegialiidae"
"1364","Aphodiidae"
"1365","Bolboceratidae"
"1366","Dynastidae"
"1367","Glaresidae"
"1368","Hydroscaphidae"
"1369","Latridiidae"
"1370","Leiodidae"
"1371","Ochodaeidae"
"1372","Pleocomidae"
"1373","Ptinidae"
"1374","Rhipiphoridae"
"1375","Silvanidae"
"1376","Cecidomyiidae"
"1377","Drosophilidae"
"1378","Dipsocoridae"
"1379","Gelastocoridae"
"1380","Mesoveliidae"
"1381","Naucoridae"
"1382","Melittidae"
"1383","Xyelidae"
"1384","Psychidae"
"1385","Riodinidae"
"1386","Pulicidae"
"1387","Helicopsychidae"
"1388","Lepismatidae"
"1389","Microviridea"
"1390","Schizopetalidae"
"1391","Rhabdiasidae"
"1392","Setariidae"
"1393","Strongyidae"
"1394","Dematiaceae"
"1395","Baeomycetaceae"
"1396","Dothideaceae"
"1397","Trichocomaceae"
"1398","Sclerotiniaceae"
"1399","Clavicipitaceae"
"1400","Nectriaceae"
"1401","Gypsoplacaceae"
"1402","Microascaceae"
"1403","Mucoraceae"
"1404","Gymnoascaceae"
"1405","Pythiaceae"
"1406","Pleomassariaceae"
"1407","Pleosporaceae"
"1408","Pucciniaceae"
"1409","Cephalothecaceae"
"1410","Chaetomiaceae"
"1411","Sordariaceae"
"1412","Caliciaceae"
"1413","Trichosphaeriaceae"
"1414","Mastogloiaceae"
"1415","Aramidae"
"1416","Coerebidae"
"1417","Grammatidae"
"1418","Moringaceae"
"1419","Calophyllaceae"
"1420","Pandanaceae"
"1421","Oculinidae"
"1422","Pythonidae"
"1423","Stromateidae"
"1424","Callichthyidae"
"1425","Synbranchidae"
"1426","Basellaceae"
"1427","Begoniaceae"
"1428","Cycadaceae"
"1429","Burmanniaceae"
"1430","Nartheciaceae"
"1431","Hymenophyllaceae"
"1432","Muntingiaceae"
"1433","Picramniaceae"
"1434","Piperaceae"
"1435","Lindsaeaceae"
"1436","Tectariaceae"
"1437","Nelumbonaceae"
"1438","Salviniaceae"
"1439","Schizaeaceae"
"1440","Hydroleaceae"
"1441","Cannaceae"
"1442","Marantaceae"
"1443","Strelitziaceae"
"1444","Zingiberaceae"
"1445","Arthrorhaphidaceae"
"1446","Chrysotrichaceae"
"1447","Coniocybaceae"
"1448","Trapeliaceae"
"1449","Arctomiaceae"
"1450","Ectolechiaceae"
"1451","Mycoblastaceae"
"1452","Porpidiaceae"
"1453","Coccocarpiaceae"
"1454","Dacampiaceae"
"1455","Ophioparmaceae"
"1456","Andreaeaceae"
"1457","Blasiaceae"
"1458","Buxbaumiaceae"
"1459","Schistostegaceae"
"1460","Fossombroniaceae"
"1461","Seligeriaceae"
"1462","Pterigynandraceae"
"1463","Geocalycaceae"
"1464","Gymnomitriaceae"
"1465","Jamesoniellaceae"
"1466","Jungermanniaceae"
"1467","Lepidoziaceae"
"1468","Plagiochilaceae"
"1469","Solenostomataceae"
"1470","Aytoniaceae"
"1471","Aneuraceae"
"1472","Metzgeriaceae"
"1473","Radulaceae"
"1474","Scouleriaceae"
"1475","Tetraphidaceae"
"1476","Chirocephalidae"
"1477","Arionidae"
"1478","Cochlicopidae"
"1479","Helicarionidae"
"1480","Limacidae"
"1481","Oreohelicidae"
"1482","Punctidae"
"1483","Pupillidae"
"1484","Succineidae"
"1485","Thysanophoridae"
"1486","Valloniidae"
"1487","Vitrinidae"
"1488","Chaoboridae"
"1489","Chrysothricaceae"
"1490","Phlyctidaceae"
"1491","Nemichthyidae"
"1492","Paralepididae"
"1493","Scopelarchidae"
"1494","Hexanchidae"
"1495","Notorynchidae"
"1496","Ammodytidae"
"1497","Bramidae"
"1498","Caristiidae"
"1499","Cryptacanthodidae"
"1500","Ptilichthyidae"
"1501","Scytalinidae"
"1502","Trichodontidae"
"1503","Zaproridae"
"1504","Arhynchobatidae"
"1505","Cyclopteridae"
"1506","Psychrolutidae"
"1507","Rhamphocottidae"
"1508","Somniosidae"
"1509","Melamphaidae"
"1510","Dumontiaceae"
"1511","Solieriaceae"
"1512","Halymeniaceae"
"1513","Palmariaceae"
"1514","Peyssonneliaceae"
"1515","Plocamiaceae"
"1516","Faucheaceae"
"1517","Cyphocarididae"
"1518","Gammaridae"
"1519","Acartiidae"
"1520","Centropagidae"
"1521","Clausocalanidae"
"1522","Metridinidae"
"1523","Temoridae"
"1524","Oithonidae"
"1525","Cancridae"
"1526","Cheiragonidae"
"1527","Crangonidae"
"1528","Epialtidae"
"1529","Hippolytidae"
"1530","Lithodidae"
"1531","Majidae"
"1532","Oregoniidae"
"1533","Paguridae"
"1534","Pandalidae"
"1535","Holopediidae"
"1536","Polyphemidae"
"1537","Euphausiidae"
"1538","Ectinosomatidae"
"1539","Tachidiidae"
"1540","Oncaeidae"
"1541","Archaeobalanidae"
"1542","Calliostomatidae"
"1543","Columbellidae"
"1544","Capulidae"
"1545","Littorinidae"
"1546","Naticidae"
"1547","Ranellidae"
"1548","Aeolidiidae"
"1549","Archidorididae"
"1550","Dendronotidae"
"1551","Dironidae"
"1552","Flabellinidae"
"1553","Janolidae"
"1554","Polyceridae"
"1555","Tethydidae"
"1556","Tritoniidae"
"1557","Lebertiidae"
"1558","Oxidae"
"1559","Sperchontidae"
"1560","Priapulidae"
"1561","Metridiidae"
"1562","Alcyoniidae"
"1563","Tubulariidae"
"1564","Chiridotidae"
"1565","Synallactidae"
"1566","Chaetopteridae"
"1567","Sabellidae"
"1568","Serpulidae"
"1569","Spirorbidae"
"1570","Calpensiidae"
"1571","Dictyonellidae"
"1572","Aglaopheniidae"
"1573","Grantiidae"
"1574","Tubulanidae"
"1575","Pseudarchasteridae"
"1576","Pennatulidae"
"1577","Gorgonocephalidae"
"1578","Euchlanidae"
"1579","Gastropodidae"
"1580","Lepadellidae"
"1581","Trichocercidae"
"1582","Isodictyidae"
"1583","Lucernariidae"
"1584","Laqueidae"
"1585","Gonatidae"
"1586","Solasteridae"
"1587","Pterasteridae"
"1588","Cavinulaceae"
"1589","Nycteridae"
"1590","Chaetophoraceae"
"1591","Coccomyxaceae"
"1592","Prasiolaceae"
"1593","Mesotaeniaceae"
"1594","Triaenonychidae"
"1595","Neobisiidae"
"1596","Arrenuridae"
"1597","Hydrovolziidae"
"1598","Hydryphantidae"
"1599","Hygrobatidae"
"1600","Mideopsidae"
"1601","Torrenticolidae"
"1602","Colydiidae"
"1603","Heleomyzidae"
"1604","Sciaridae"
"1605","Prionoglaridae"
"1606","Ischnopsyllidae"
"1607","Erpobdellidae"
"1608","Conotylidae"
"1609","Arrhopalitidae"
"1610","Entomobryidae"
"1611","Onychiuridae"
"1612","Tomoceridae"
"1613","Macrosternodesmidae"
"1614","Rhizopogonaceae"
"1615","Hysterangiaceae"
"1616","Anyphaenidae"
"1617","Clubionidae"
"1618","Ctenizidae"
"1619","Diguetidae"
"1620","Filistatidae"
"1621","Mimetidae"
"1622","Oecobiidae"
"1623","Philodromidae"
"1624","Pholcidae"
"1625","Selenopidae"
"1626","Sicariidae"
"1627","Sparassidae"
"1628","Tengellidae"
"1629","Uloboridae"
"1630","Sclerosomatidae"
"1631","Larcidae"
"1632","Buthidae"
"1633","Scorpionidae"
"1634","Dreissenidae"
"1635","Cryptobranchidae"
"1636","Theaceae"
"1637","Paulowniaceae"
"1638","Podostemaceae"
"1639","Dendrocerotaceae"
"1640","Leucobryaceae"
"1641","Ptychomitriaceae"
"1642","Hookeriaceae"
"1643","Anomodontaceae"
"1644","Cryphaeaceae"
"1645","Leptodontaceae"
"1646","Myriniaceae"
"1647","Sematophyllaceae"
"1648","Theliaceae"
"1649","Acrobolbaceae"
"1650","Herbertaceae"
"1651","Myliaceae"
"1652","Trichocoleaceae"
"1653","Dumortieraceae"
"1654","Notothyladaceae"
"1655","Pallaviciniaceae"
"1656","Jubulaceae"
"1657","Lejeuneaceae"
"1658","Drummondiaceae"
"1659","Helicodiscidae"
"1660","Amaurobiidae"
"1661","Antrodiaetidae"
"1662","Cybaeidae"
"1663","Cyrtaucheniidae"
"1664","Dipluridae"
"1665","Hahniidae"
"1666","Hypochilidae"
"1667","Leptonetidae"
"1668","Nesticidae"
"1669","Segestriidae"
"1670","Theridiosomatidae"
"1671","Hydrachnidae"
"1672","Krendowskiidae"
"1673","Limnesiidae"
"1674","Apatelodidae"
"1675","Thyatiridae"
"1676","Cryptocercidae"
"1677","Salpingidae"
"1678","Acroceridae"
"1679","Blephariceridae"
"1680","Conopidae"
"1681","Hippoboscidae"
"1682","Lonchopteridae"
"1683","Ptychopteridae"
"1684","Tanyderidae"
"1685","Trichoceridae"
"1686","Baetiscidae"
"1687","Leptohyphidae"
"1688","Neoephemeridae"
"1689","Acanthosomatidae"
"1690","Achilidae"
"1691","Cixiidae"
"1692","Delphacidae"
"1693","Derbidae"
"1694","Dictyopharidae"
"1695","Eriococcidae"
"1696","Flatidae"
"1697","Issidae"
"1698","Margarodidae"
"1699","Aulacidae"
"1700","Cephidae"
"1701","Eurytomidae"
"1702","Evaniidae"
"1703","Gasteruptiidae"
"1704","Heloridae"
"1705","Ibaliidae"
"1706","Pergidae"
"1707","Trigonalyidae"
"1708","Xiphydriidae"
"1709","Bucculatrigidae"
"1710","Drepanidae"
"1711","Gracillariidae"
"1712","Hepialidae"
"1713","Mimallonidae"
"1714","Prodoxidae"
"1715","Thyrididae"
"1716","Zygaenidae"
"1717","Panorpidae"
"1718","Coniopterygidae"
"1719","Dilaridae"
"1720","Petaluridae"
"1721","Gryllotalpidae"
"1722","Oecanthidae"
"1723","Podoscirtidae"
"1724","Pseudophasmatidae"
"1725","Calamoceratidae"
"1726","Odontoceridae"
"1727","Milnesiidae"
"1728","Branchiobdellidae"
"1729","Mucronellidae"
"1730","Hypogastruridae"
"1731","Campodeidae"
"1732","Echiniscidae"
"1733","Enchytraeidae"
"1734","Nemasomatidae"
"1735","Rhynchodemidae"
"1736","Calohypsibiidae"
"1737","Hypsibiidae"
"1738","Scolopendridae"
"1739","Tubificidae"
"1740","Thelocarpaceae"
"1741","Nidulariaceae"
"1742","Pleurotaceae"
"1743","Diplocystidiaceae"
"1744","Helotiaceae"
"1745","Vibrisseaceae"
"1746","Sarrameanaceae"
"1747","Mycocaliciaceae"
"1748","Sphinctrinaceae"
"1749","Stictidaceae"
"1750","Pyrenemataceae"
"1751","Rhizinaceae"
"1752","Sarcoscyphaceae"
"1753","Arthopyreniaceae"
"1754","Venturiaceae"
"1755","Bjerkanderaceae"
"1756","Monoblastiaceae"
"1757","Cudoniaceae"
"1758","Umbelliferae"
"1759","Paeoniaceae"
"1760","Chironomidae-pupae"
"1761","Erysiphaceae"
"1762","Coleosporiaceae"
"1763","Melampsoraceae"
"1764","Phragmidiaceae"
"1765","Bulimulidae"
"1766","Cionellidae"
"1767","Humboldtianidae"
"1768","Strobilopsidae"
"1769","Urocoptidae"
"1770","Georyssidae"
"1771","Heleidae"
"1772","Megathymidae"
"1773","Hydridae"
"1774","Herpestidae"
"1775","Cettiidae"
"1776","Estrildidae"
"1777","Leiothrichidae"
"1778","Zosteropidae"
"1779","Chamaeleonidae"
"1780","Kuhliidae"
"1781","Vittariaceae"
"1782","Asteliaceae"
"1783","Cibotiaceae"
"1784","Cyatheaceae"
"1785","Taccaceae"
"1786","Gleicheniaceae"
"1787","Gunneraceae"
"1788","Dipentodontaceae"
"1789","Gesneriaceae"
"1790","Ochnaceae"
"1791","Marattiaceae"
"1792","Joinvilleaceae"
"1793","Costaceae"
"1794","Heliconiaceae"
"1795","Calymperaceae"
"1796","Hildenbrandiaceae"
"1797","Daltoniaceae"
"1798","Meteoriaceae"
"1799","Racopilaceae"
"1800","Rhizogoniaceae"
"1801","Talitridae"
"1802","Atyidae"
"1803","Armadillidae"
"1804","Ligiidae"
"1805","Philosciidae"
"1806","Platyarthridae"
"1807","Porcellionidae"
"1808","Sphaeromatidae"
"1809","Styloniscidae"
"1810","Trachelipodidae"
"1811","Neritidae"
"1812","Achatinellidae"
"1813","Achatinidae"
"1814","Amastridae"
"1815","Bradybaenidae"
"1816","Endodontidae"
"1817","Milacidae"
"1818","Spiraxidae"
"1819","Subulinidae"
"1820","Dysderidae"
"1821","Miturgidae"
"1822","Scytodidae"
"1823","Laelapidae"
"1824","Macrochelidae"
"1825","Chthoniidae"
"1826","Chemetidae"
"1827","Sarcoptidae"
"1828","Myobiidae"
"1829","Cosmopterygidae"
"1830","Olethreutidae"
"1831","Apionidae"
"1832","Belidae"
"1833","Ciidae"
"1834","Corylophidae"
"1835","Carcinophoridae"
"1836","Chelisochidae"
"1837","Forficulidae"
"1838","Labiidae"
"1839","Agromyzidae"
"1840","Anisopodidae"
"1841","Anthomyzidae"
"1842","Asteiidae"
"1843","Canaceidae"
"1844","Chamaemyiidae"
"1845","Chloropidae"
"1846","Lauxaniidae"
"1847","Milichiidae"
"1848","Phoridae"
"1849","Sphaeroceridae"
"1850","Tethinidae"
"1851","Oligotomidae"
"1852","Coccidae"
"1853","Diaspididae"
"1854","Geocoridae"
"1855","Ortheziidae"
"1856","Plataspidae"
"1857","Pseudococcidae"
"1858","Psyllidae"
"1859","Rhopalidae"
"1860","Rhyparochromidae"
"1861","Tingidae"
"1862","Ampulicidae"
"1863","Aphidiidae"
"1864","Charipidae"
"1865","Encyrtidae"
"1866","Eulophidae"
"1867","Eupelmidae"
"1868","Megaspilidae"
"1869","Mymaridae"
"1870","Proctotrupidae"
"1871","Batrachedridae"
"1872","Carposinidae"
"1873","Cosmopterigidae"
"1874","Immidae"
"1875","Myrmecophilidae"
"1876","Ectopsocidae"
"1877","Elipsocidae"
"1878","Haematopinidae"
"1879","Hoplopleuridae"
"1880","Lepidopsocidae"
"1881","Linognathidae"
"1882","Menoponidae"
"1883","Peripsocidae"
"1884","Polyplacidae"
"1885","Psocidae"
"1886","Psyllipsocidae"
"1887","Trichodectidae"
"1888","Caecilidae"
"1889","Aeolothripidae"
"1890","Phlaeothripidae"
"1891","Dicyrtomidae"
"1892","Neanuridae"
"1893","Neelidae"
"1894","Paronellidae"
"1895","Tullbergiidae"
"1896","Spongillidae"
"1897","Blaniulidae"
"1898","Paradoxosomatidae"
"1899","Pyrgodesmidae"
"1900","Isognomonidae"
"1901","Cryptopidae"
"1902","Megalosporaceae"
"1903","Numididae"
"1904","Mohoidae"
"1905","Monarchidae"
"1906","Flacourtiaceae"
"1907","Pentaphylacaceae"
"1908","Escalloniaceae"
"1909","Diogenidae"
"1910","Ocypodidae"
"1911","Palinuridae"
"1912","Plagusiidae"
"1913","Scyllaridae"
"1914","Stenopodidae"
"1915","Trapeziidae"
"1916","Varunidae"
"1917","Alloniscidae"
"1918","Leptocheliidae"
"1919","Thaididae"
"1920","Aplysiidae"
"1921","Nacellidae"
"1922","Turbinidae"
"1923","Haminoeidae"
"1924","Architectonicidae"
"1925","Conidae"
"1926","Mitridae"
"1927","Cerithiidae"
"1928","Cypraeidae"
"1929","Eulimidae"
"1930","Rissoidae"
"1931","Vermetidae"
"1932","Umbraculidae"
"1933","Oonopidae"
"1934","Ascidae"
"1935","Macronyssidae"
"1936","Parholaspidae"
"1937","Phytoseiidae"
"1938","Podocinidae"
"1939","Veigaiidae"
"1940","Ameroseiidae"
"1941","Atopomelidae"
"1942","Humerobatidae"
"1943","Listrophoridae"
"1944","Myocoptidae"
"1945","Oribatulidae"
"1946","Rhagidiidae"
"1947","Bdellidae"
"1948","Cheyletidae"
"1949","Cheyletiellidae"
"1950","Cunaxidae"
"1951","Ereynetidae"
"1952","Eriophyidae"
"1953","Eupodidae"
"1954","Penthalodidae"
"1955","Strandtmanniidae"
"1956","Blaberidae"
"1957","Clambidae"
"1958","Cryptochetidae"
"1959","Hybotidae"
"1960","Lonchaeidae"
"1961","Scatopsidae"
"1962","Aphrophoridae"
"1963","Aphelinidae"
"1964","Bethylidae"
"1965","Dryinidae"
"1966","Eucoilidae"
"1967","Scelionidae"
"1968","Torymidae"
"1969","Trichogrammatidae"
"1970","Nolidae"
"1971","Schreckensteiniidae"
"1972","Scythrididae"
"1973","Pyrgomorphidae"
"1974","Pseudocaecihidae"
"1975","Xenidae"
"1976","Merothripidae"
"1977","Nicoletiidae"
"1978","Ptychoderidae"
"1979","Arcidae"
"1980","Holothuriidae"
"1981","Ancorinidae"
"1982","Geodiidae"
"1983","Baeriidae"
"1984","Terebellidae"
"1985","Chondrillidae"
"1986","Cidaridae"
"1987","Leucettidae"
"1988","Brachystomellidae"
"1989","Cyphoderidae"
"1990","Katiannidae"
"1991","Odontellidae"
"1992","Oncopoduridae"
"1993","Sminthurididae"
"1994","Spongiidae"
"1995","Echinometridae"
"1996","Echiuridae"
"1997","Dorvilleidae"
"1998","Eunicidae"
"1999","Spirastrellidae"
"2000","Tethyidae"
"2001","Callyspongiidae"
"2002","Chalinidae"
"2003","Petrosiidae"
"2004","Baseodiscidae"
"2005","Tetrastemmatidae"
"2006","Julidae"
"2007","Lithobiidae"
"2008","Bipaliidae"
"2009","Megascolecidae"
"2010","Glyceridae"
"2011","Nereididae"
"2012","Phyllodocidae"
"2013","Syllidae"
"2014","Ochetosomatidae"
"2015","Coelosphaeridae"
"2016","Tedaniidae"
"2017","Opheliidae"
"2018","Cambalidae"
"2019","Zoanthidae"
"2020","Metschnikowiaceae"
"2021","Polyodontidae"
"2022","Lemaneaceae"
"2023","Sphaerocystidaceae"
"2024","Coleochaetaceae"
"2025","Closteriaceae"
"2026","Gomontiaceae"
"2027","Darwinulidae"
"2028","Flosculariidae"
"2029","Acanthocerataceae"
"2030","Synuraceae"
"2031","Testudinellidae"
"2032","Trichotriidae"
"2033","Anniellidae"
"2034","Simmondsiaceae"
"2035","Chlorosarcinaceae"
"2036","Chlrococcaceae"
"2037","Bracteacoccaceae"
"2038","Trombiculidae"
"2039","Caponiidae"
"2040","Homalonychidae"
"2041","Liocranidae"
"2042","Plectreuridae"
"2043","Aphelacaridae"
"2044","Eremaeidae"
"2045","Gymnodamaeidae"
"2046","Haplochthoniidae"
"2047","Hydrozetidae"
"2048","Oppiidae"
"2049","Passalozetidae"
"2050","Superstitioniidae"
"2051","Eremobatidae"
"2052","Polyphagidae"
"2053","Termitidae"
"2054","Cetoniidae"
"2055","Tachardiidae"
"2056","Eumastacidae"
"2057","Mogoplistidae"
"2058","Romaleidae"
"2059","Tanaoceridae"
"2060","Diapheromeridae"
"2061","Timematidae"
"2062","Atractidae"
"2063","Monodontidae"
"2064","Stylephoridae"
"2065","Abyssocottidae"
"2066","Turtoniidae"
"2067","Onygenaceae"
"2068","Discinaceae"
"2069","Pezizaceae"
"2070","Glycymerididae"
"2071","Oweniidae"
"2072","Pectinariidae"
"2073","Echinarachniidae"
"2074","Mitrocomidae"
"2075","Pelagiidae"
"2076","Ulmaridae"
"2077","Sipunculidae"
"2078","Thyasiridae"
"2079","Gomphillaceae"
"2080","Oedipodiaceae"
"2081","Moerckiaceae"
"2082","Chaetiliidae"
"2083","Hyalidae"
"2084","Cristatellidae"
"2085","Astraeaceae"
"2086","Melanogastraceae"
"2087","Terfeziaceae"
"2088","Endogonaceae"
"2089","Gomphaceae"
"2090","Epiplemidae"
"2091","Acrolophidae"
"2092","Trichopetalidae"
"2093","Margaritiferidae"
"2094","Rhyacotritonidae"
"2095","Bryoxiphiaceae"
"2096","Targioniaceae"
"2097","Grylloblattidae"
"2098","Paxillaceae"
"2099","Cleveaceae"
"2100","Corinnidae"
"2101","Byrrhidae"
"2102","Melandryidae"
"2103","Ptiliidae"
"2104","Pythidae"
"2105","Sphaeritidae"
"2106","Throscidae"
"2107","Ceratocombidae"
"2108","Cymidae"
"2109","Cyphellaceae"
"2110","Hygrophoraceae"
"2111","Inocybaceae"
"2112","Mycenaceae"
"2113","Psathyrellaceae"
"2114","Gomphidiaceae"
"2115","Clavulinaceae"
"2116","Clavariadelphaceae"
"2117","Brigantiaeaceae"
"2118","Albatrellaceae"
"2119","Bondarzewiaceae"
"2120","Lasiosphaeriaceae"
"2121","Bankeraceae"
"2122","Thelephoraceae"
"2123","Sperchonidae"
"2124","Cicindelidae"
"2125","Macroveliidae"
"2126","Tridactylidae"
"2127","Mermithidae"
"2128","Lumbricidae"
"2129","Luvaridae"
"2130","Oreosomatidae"
"2131","Alstroemeriaceae"
"2132","Dasyaceae"
"2133","Tetrasporaceae"
"2134","Erythrotrichiaceae"
"2135","Disceliaceae"
"2136","Schizymeniaceae"
"2137","Fryeellaceae"
"2138","Neochloridaceae"
"2139","Ampeliscidae"
"2140","Ampithoidae"
"2141","Anisogammaridae"
"2142","Caprellidae"
"2143","Corophiidae"
"2144","Dexaminidae"
"2145","Dogielinotidae"
"2146","Ischyroceridae"
"2147","Phoxocephalidae"
"2148","Hippidae"
"2149","Oplophoridae"
"2150","Pisidae"
"2151","Porcellanidae"
"2152","Xanthidae"
"2153","Huntemanniidae"
"2154","Ancinidae"
"2155","Cirolanidae"
"2156","Cymothoidae"
"2157","Idoteidae"
"2158","Mysidae"
"2159","Lepadidae"
"2160","Tricoliidae"
"2161","Fasciolariidae"
"2162","Nassariidae"
"2163","Olividae"
"2164","Calyptraeidae"
"2165","Lamellariidae"
"2166","Actinocyclidae"
"2167","Aegiridae"
"2168","Chromodorididae"
"2169","Discodorididae"
"2170","Dotoidae"
"2171","Onchidorididae"
"2172","Rostangidae"
"2173","Tergipedidae"
"2174","Acmaeidae"
"2175","Ixodes"
"2176","Termopsidae"
"2177","Sphaeriusidae"
"2178","Simulidae"
"2179","Cephronidae"
"2180","Chloroperidae"
"2181","Beraeidae"
"2182","Clavulariidae"
"2183","Euphrosinidae"
"2184","Bougainvilliidae"
"2185","Eudendriidae"
"2186","Hydractiniidae"
"2187","Polyorchidae"
"2188","Stylasteridae"
"2189","Anisakidae"
"2190","Ampharetidae"
"2191","Cirratulidae"
"2192","Spionidae"
"2193","Calloporidae"
"2194","Corallimorphidae"
"2195","Flustrellidridae"
"2196","Tubuliporidae"
"2197","Pleurobrachiidae"
"2198","Dysideidae"
"2199","Echinorhynchidae"
"2200","Paramphistomatidae"
"2201","Corellidae"
"2202","Lumbrineridae"
"2203","Onuphidae"
"2204","Themistidae"
"2205","Clionaidae"
"2206","Polymastiidae"
"2207","Suberitidae"
"2208","Halichondriidae"
"2209","Niphatidae"
"2210","Haplotaxidae"
"2211","Lineidae"
"2212","Amphiporidae"
"2213","Emplectonematidae"
"2214","Campanulariidae"
"2215","Plumulariidae"
"2216","Sertulariidae"
"2217","Amphoriscidae"
"2218","Leucosoleniidae"
"2219","Heterophyidae"
"2220","Ammotheidae"
"2221","Phascolosomatidae"
"2222","Chrysopetalidae"
"2223","Goniadidae"
"2224","Nephtyidae"
"2225","Polynoidae"
"2226","Sigalionidae"
"2227","Allocreadiidae"
"2228","Gorgoderidae"
"2229","Lecithodendriidae"
"2230","Nanophyetidae"
"2231","Opecoelidae"
"2232","Hamacanthidae"
"2233","Hymedesmiidae"
"2234","Microcionidae"
"2235","Mycalidae"
"2236","Myxillidae"
"2237","Dendrophylliidae"
"2238","Arenicolidae"
"2239","Capitellidae"
"2240","Orbiniidae"
"2241","Barentsiidae"
"2242","Diplostomatidae"
"2243","Sanguinicolidae"
"2244","Dictyocaulidae"
"2245","Trichostrongylidae"
"2246","Geryoniidae"
"2247","Epizoanthidae"
"2248","Myxotrichaceae"
"2249","Hygrophoropsidaceae"
"2250","Botryosphaeriaceae"
"2251","Hydnaceae"
"2252","Crepidotaceae"
"2253","Elaphomycetaceae"
"2254","Dermateaceae"
"2255","Crocyniaceae"
"2256","Hyponectriaceae"
"2257","Chrysamoebidiaceae"
"2258","Centratractaceae"
"2259","Pleurochloridaceae"
"2260","Berkeleyaceae"
"2261","Rhizochrysidaceae"
"2262","Entomoneidaceae"
"2263","Goniaceae"
"2264","Micractiniaceae"
"2265","Phacotaceae"
"2266","Chlorellaceae"
"2267","Stylococcaceae"
"2268","Anomoeoneidaceae"
"2269","Gonatozygaceae"
"2270","Characiaceae"
"2271","Gloeocystaceae"
"2272","Botryococcaceae"
"2273","Acroloxidae"
"2274","Deuterophlebiidae"
"2275","Scathophagidae"
"2276","Cateriidae"
"2277","Microcodidae"
"2278","Notommatidae"
"2279","Thrombiaceae"
"2280","Tapinellaceae"
"2281","Corticiaceae"
"2282","Echinosteliaceae"
"2283","Liceaceae"
"2284","Neolectaceae"
"2285","Rhizosoleniaceae"
"2286","Bixaceae"
"2287","Haemodoraceae"
"2288","Ginkgoaceae"
"2289","Lardizabalaceae"
"2290","Potamanthidae"
"2291","Lichenotheliaceae"
"2292","Niaceae"
"2293","Omphalotaceae"
"2294","Physalacriaceae"
"2295","Gyroporaceae"
"2296","Repetobasidiaceae"
"2297","Bulgariaceae"
"2298","Atheliaceae"
"2299","Peniophoraceae"
"2300","Sebacinaceae"
"2301","Microcaliciaceae"
"2302","Tetraonidae"
"2303","Laophontidae"
"2304","Marginellidae"
"2305","Turridae"
"2306","Dallinidae"
"2307","Lynceidae"
"2308","Macrothricidae"
"2309","Ergasilidae"
"2310","Lernaeopodidae"
"2311","Agyrtidae"
"2312","Eucinetidae"
"2313","Nemonychidae"
"2314","Trachypachidae"
"2315","Trogidae"
"2316","Corethrellidae"
"2317","Diopsidae"
"2318","Exoprosopa Capuncina"
"2319","Hylemya brevipalpis"
"2320","Rhagionidae"
"2321","Thaumaleidae"
"2322","Cucullanidae"
"2323","Caseyidae"
"2324","Myxosomatidae"
"2325","Neoechinorhynchidae"
"2326","Mytilinidae"
"2327","Piscicolidae"
"2328","Unionacea"
"2329","Moniliaceae"
"2330","Pseudeurotiaceae"
"2331","Cunninghamellaceae"
"2332","Saccharomycetaceae"
